Code,Party,FileType,Language,Filename,SubmissionDate,EncodedAbsUrl,OriginalFilename
AFG,Afghanistan,INDC,English,AFG_Afghanistan_INDC_English.pdf,2015-10-13 13:43:02,http://www4.unfccc.int/Submissions/INDC/Published%20Documents/Afghanistan/1/INDC_AFG_Paper_En_20150927_.docx%20FINAL.pdf,INDC_AFG_Paper_En_20150927_.docx FINAL.pdf
ALB,Albania,INDC,English,ALB_Albania_INDC_English.pdf,2015-09-24 09:29:36,http://www4.unfccc.int/Submissions/INDC/Published%20Documents/Albania/1/Albania_INDC_submission%20%281%29.pdf,Albania_INDC_submission (1).pdf
DZA,Algeria,INDC,French,DZA_Algeria_INDC_French.pdf,2015-10-01 19:25:08,http://www4.unfccc.int/Submissions/INDC/Published%20Documents/Algeria/1/Alg%C3%A9rie%20-INDC-%2003%20septembre%202015.pdf,Algérie -INDC- 03 septembre 2015.pdf
DZA,Algeria,Translation,English,DZA_Algeria_INDC_Translation_English.pdf,2015-10-01 19:25:08,http://www4.unfccc.int/Submissions/INDC/Published%20Documents/Algeria/1/Algeria%20-%20INDC%20%28English%20unofficial%20translation%29%20September%2003%2C2015.pdf,"Algeria - INDC (English unofficial translation) September 03,2015.pdf"
AND,Andorra,INDC,French,AND_Andorra_INDC_French.pdf,2015-04-30 16:03:28,http://www4.unfccc.int/Submissions/INDC/Published%20Documents/Andorra/1/Andorra%20INDC-CPDN.pdf,Andorra INDC-CPDN.pdf
AGO,Angola,INDC,English,AGO_Angola_INDC_English.pdf,2015-11-29 16:42:06,http://www4.unfccc.int/Submissions/INDC/Published%20Documents/Angola/1/INDC%20Angola%20deposito.pdf,INDC Angola deposito.pdf
ATG,Antigua and Barbuda,INDC,English,ATG_Antigua-and-Barbuda_INDC_English.pdf,2015-10-19 13:30:00,http://www4.unfccc.int/Submissions/INDC/Published%20Documents/Antigua%20and%20Barbuda/1/INDC_Antigua_Barbuda.pdf,INDC_Antigua_Barbuda.pdf
ARG,Argentina,INDC,Spanish,ARG_Argentina_INDC_Spanish.pdf,2015-10-01 22:35:34,http://www4.unfccc.int/Submissions/INDC/Published%20Documents/Argentina/1/INDC%20Argentina.pdf,INDC Argentina.pdf
ARG,Argentina,Translation,English,ARG_Argentina_INDC_Translation_English.pdf,2015-10-01 22:35:34,http://www4.unfccc.int/Submissions/INDC/Published%20Documents/Argentina/1/Argentina%20INDC%20Non-Official%20Translation.pdf,Argentina INDC Non-Official Translation.pdf
ARM,Armenia,INDC,English,ARM_Armenia_INDC_English.pdf,2015-09-29 11:47:37,http://www4.unfccc.int/Submissions/INDC/Published%20Documents/Armenia/1/INDC-Armenia.pdf,INDC-Armenia.pdf
AUS,Australia,INDC,English,AUS_Australia_INDC_English.pdf,2015-08-11 10:24:21,http://www4.unfccc.int/Submissions/INDC/Published%20Documents/Australia/1/Australias%20Intended%20Nationally%20Determined%20Contribution%20to%20a%20new%20Climate%20Change%20Agreement%20-%20August%202015.pdf,Australias Intended Nationally Determined Contribution to a new Climate Change Agreement - August 2015.pdf
AZE,Azerbaijan,INDC,English,AZE_Azerbaijan_INDC_English.pdf,2015-09-29 17:17:43,http://www4.unfccc.int/Submissions/INDC/Published%20Documents/Azerbaijan/1/INDC%20Azerbaijan.pdf,INDC Azerbaijan.pdf
BHS,Bahamas,INDC,English,BHS_Bahamas_INDC_English.pdf,2015-11-18 08:25:56,http://www4.unfccc.int/Submissions/INDC/Published%20Documents/Bahamas/1/Bahamas%20INDC%20Submission.pdf,Bahamas INDC Submission.pdf
BHR,Bahrain,INDC,English,BHR_Bahrain_INDC_English.pdf,2015-11-24 10:41:22,http://www4.unfccc.int/Submissions/INDC/Published%20Documents/Bahrain/1/INDC_Kingdom_of_Bahrain.pdf,INDC_Kingdom_of_Bahrain.pdf
BGD,Bangladesh,INDC,English,BGD_Bangladesh_INDC_English.pdf,2015-09-25 08:46:17,http://www4.unfccc.int/Submissions/INDC/Published%20Documents/Bangladesh/1/INDC_2015_of_Bangladesh.pdf,INDC_2015_of_Bangladesh.pdf
BRB,Barbados,INDC,English,BRB_Barbados_INDC_English.pdf,2015-09-30 11:28:00,http://www4.unfccc.int/Submissions/INDC/Published%20Documents/Barbados/1/Barbados%20INDC%20FINAL%20September%20%2028%2C%202015.pdf,"Barbados INDC FINAL September 28, 2015.pdf"
BLR,Belarus,Addendum,English,BLR_Belarus_INDC_Addendum_English.pdf,2015-09-25 19:08:09,http://www4.unfccc.int/Submissions/INDC/Published%20Documents/Belarus/1/Belarus.pdf,Belarus.pdf
BLR,Belarus,INDC,Russian,BLR_Belarus_INDC_Russian.pdf,2015-09-25 19:08:09,http://www4.unfccc.int/Submissions/INDC/Published%20Documents/Belarus/1/Belarus_INDC_Rus_25.09.2015.pdf,Belarus_INDC_Rus_25.09.2015.pdf
BLR,Belarus,INDC,English,BLR_Belarus_INDC_English.pdf,2015-09-25 19:08:09,http://www4.unfccc.int/Submissions/INDC/Published%20Documents/Belarus/1/Belarus_INDC_Eng_25.09.2015.pdf,Belarus_INDC_Eng_25.09.2015.pdf
BLZ,Belize,INDC,English,BLZ_Belize_INDC_English.pdf,2015-10-01 20:24:56,http://www4.unfccc.int/Submissions/INDC/Published%20Documents/Belize/1/Belize%20INDCS.pdf,Belize INDCS.pdf
BEN,Benin,INDC,French,BEN_Benin_INDC_French.pdf,2015-09-30 11:26:07,http://www4.unfccc.int/Submissions/INDC/Published%20Documents/Benin/1/INDC%20BENIN%20%20Version%20finale%20revue%20septembre%202015.pdf,INDC BENIN Version finale revue septembre 2015.pdf
BTN,Bhutan,INDC,English,BTN_Bhutan_INDC_English.pdf,2015-09-30 13:46:21,http://www4.unfccc.int/Submissions/INDC/Published%20Documents/Bhutan/1/Bhutan-INDC-20150930.pdf,Bhutan-INDC-20150930.pdf
BOL,Bolivia,INDC,Spanish,BOL_Bolivia_INDC_Spanish.pdf,2015-10-12 13:53:14,http://www4.unfccc.int/Submissions/INDC/Published%20Documents/Bolivia/1/ESTADO%20PLURINACIONAL%20DE%20BOLIVIA1.pdf,ESTADO PLURINACIONAL DE BOLIVIA1.pdf
BOL,Bolivia,INDC,English,BOL_Bolivia_INDC_English.pdf,2015-10-12 13:53:14,http://www4.unfccc.int/Submissions/INDC/Published%20Documents/Bolivia/1/INDC-Bolivia-english.pdf,INDC-Bolivia-english.pdf
BIH,Bosnia-Herzegovina,INDC,English,BIH_Bosnia-Herzegovina_INDC_English.pdf,2015-10-08 14:08:24,http://www4.unfccc.int/Submissions/INDC/Published%20Documents/Bosnia-Herzegovina/1/INDC%20Bosnia%20and%20Herzegovina.pdf,INDC Bosnia and Herzegovina.pdf
BWA,Botswana,INDC,English,BWA_Botswana_INDC_English.pdf,2015-10-01 16:46:54,http://www4.unfccc.int/Submissions/INDC/Published%20Documents/Botswana/1/BOTSWANA.pdf,BOTSWANA.pdf
BRA,Brazil,INDC,English,BRA_Brazil_INDC_English.pdf,2015-09-28 09:48:13,http://www4.unfccc.int/Submissions/INDC/Published%20Documents/Brazil/1/BRAZIL%20iNDC%20english%20FINAL.pdf,BRAZIL iNDC english FINAL.pdf
BRN,Brunei,INDC,English,BRN_Brunei_INDC_English.pdf,2015-12-01 15:45:30,http://www4.unfccc.int/Submissions/INDC/Published%20Documents/Brunei/1/Brunei%20Darussalam%20INDC_FINAL_30%20November%202015.pdf,Brunei Darussalam INDC_FINAL_30 November 2015.pdf
BFA,Burkina Faso,INDC,English,BFA_Burkina-Faso_INDC_English.pdf,2015-10-23 10:52:35,http://www4.unfccc.int/Submissions/INDC/Published%20Documents/Burkina%20Faso/1/INDC%20Burkina_ENG.%20version_finale.pdf,INDC Burkina_ENG. version_finale.pdf
BFA,Burkina Faso,INDC,French,BFA_Burkina-Faso_INDC_French.pdf,2015-10-23 10:52:35,http://www4.unfccc.int/Submissions/INDC/Published%20Documents/Burkina%20Faso/1/INDC%20BURKINA%20FASO%20280915.pdf,INDC BURKINA FASO 280915.pdf
BDI,Burundi,INDC,French,BDI_Burundi_INDC_French.pdf,2015-11-04 08:28:02,http://www4.unfccc.int/Submissions/INDC/Published%20Documents/Burundi/1/CPDN%20BURUNDI.pdf,CPDN BURUNDI.pdf
BDI,Burundi,Translation,English,BDI_Burundi_INDC_Translation_English.pdf,2015-11-04 08:28:02,http://www4.unfccc.int/Submissions/INDC/Published%20Documents/Burundi/1/Burundi_INDC-english%20version.pdf,Burundi_INDC-english version.pdf
CPV,Cabo Verde,INDC,English,CPV_Cabo-Verde_INDC_English.pdf,2015-09-30 11:28:37,http://www4.unfccc.int/Submissions/INDC/Published%20Documents/Cabo%20Verde/1/Cabo_Verde_INDC_.pdf,Cabo_Verde_INDC_.pdf
KHM,Cambodia,INDC,English,KHM_Cambodia_INDC_English.pdf,2015-09-30 14:59:39,http://www4.unfccc.int/Submissions/INDC/Published%20Documents/Cambodia/1/Cambodia%27s%20INDC%20to%20the%20UNFCCC.pdf,Cambodia's INDC to the UNFCCC.pdf
CMR,Cameroon,Addendum,French,CMR_Cameroon_INDC_Addendum_French.pdf,2015-10-01 10:59:12,http://www4.unfccc.int/Submissions/INDC/Published%20Documents/Cameroon/1/Lettre%20officielle%20CPDN%20Cameroun.pdf,Lettre officielle CPDN Cameroun.pdf
CMR,Cameroon,INDC,French,CMR_Cameroon_INDC_French.pdf,2015-10-01 10:59:12,http://www4.unfccc.int/Submissions/INDC/Published%20Documents/Cameroon/1/CPDN%20CMR%20Final.pdf,CPDN CMR Final.pdf
CAN,Canada,INDC,English,CAN_Canada_INDC_English.pdf,2015-05-15 19:03:10,http://www4.unfccc.int/Submissions/INDC/Published%20Documents/Canada/1/INDC%20-%20Canada%20-%20English.pdf,INDC - Canada - English.pdf
CAN,Canada,INDC,French,CAN_Canada_INDC_French.pdf,2015-05-15 19:03:10,http://www4.unfccc.int/Submissions/INDC/Published%20Documents/Canada/1/CPDN%20-%20Canada%20-%20Fran%C3%A7ais.pdf,CPDN - Canada - Français.pdf
CAF,Central African Republic,INDC,French,CAF_Central-African-Republic_INDC_French.pdf,2015-09-28 08:31:00,http://www4.unfccc.int/Submissions/INDC/Published%20Documents/Central%20African%20Republic/1/CPDN_R%C3%A9publique%20Centrafricaine.pdf,CPDN_République Centrafricaine.pdf
CAF,Central African Republic,INDC,English,CAF_Central-African-Republic_INDC_English.pdf,2015-09-28 08:31:00,http://www4.unfccc.int/Submissions/INDC/Published%20Documents/Central%20African%20Republic/1/CPDN_R%C3%A9publique%20Centrafricaine_EN.pdf,CPDN_République Centrafricaine_EN.pdf
TCD,Chad,INDC,English,TCD_Chad_INDC_English.pdf,2015-10-01 16:04:05,http://www4.unfccc.int/Submissions/INDC/Published%20Documents/Chad/1/INDC%20Chad_Official%20version_English.pdf,INDC Chad_Official version_English.pdf
TCD,Chad,INDC,French,TCD_Chad_INDC_French.pdf,2015-10-01 16:04:05,http://www4.unfccc.int/Submissions/INDC/Published%20Documents/Chad/1/CPDN%20TCHAD%20Version%20officielle%2028%20sept%202015.pdf,CPDN TCHAD Version officielle 28 sept 2015.pdf
CHL,Chile,INDC,Spanish,CHL_Chile_INDC_Spanish.pdf,2016-01-05 16:21:19,http://www4.unfccc.int/Submissions/INDC/Published%20Documents/Chile/1/Chile%20INDC%20FINAL.pdf,Chile INDC FINAL.pdf
CHL,Chile,Translation,English,CHL_Chile_INDC_Translation_English.pdf,2016-01-05 16:21:19,http://www4.unfccc.int/Submissions/INDC/Published%20Documents/Chile/1/INDC%20Chile%20english%20version.pdf,INDC Chile english version.pdf
CHN,China,INDC,English,CHN_China_INDC_English.pdf,2015-06-30 16:05:50,http://www4.unfccc.int/Submissions/INDC/Published%20Documents/China/1/China%27s%20INDC%20-%20on%2030%20June%202015.pdf,China's INDC - on 30 June 2015.pdf
COL,Colombia,INDC,Spanish,COL_Colombia_INDC_Spanish.pdf,2015-09-07 08:48:42,http://www4.unfccc.int/Submissions/INDC/Published%20Documents/Colombia/1/INDC%20Colombia.pdf,INDC Colombia.pdf
COL,Colombia,Translation,English,COL_Colombia_INDC_Translation_English.pdf,2015-09-07 08:48:42,http://www4.unfccc.int/Submissions/INDC/Published%20Documents/Colombia/1/Colombia%20iNDC%20Unofficial%20translation%20Eng.pdf,Colombia iNDC Unofficial translation Eng.pdf
COM,Comoros,INDC,French,COM_Comoros_INDC_French.pdf,2015-09-17 13:08:47,http://www4.unfccc.int/Submissions/INDC/Published%20Documents/Comoros/1/INDC_Comores_Version_Francaise.pdf,INDC_Comores_Version_Francaise.pdf
COG,Congo,INDC,French,COG_Congo_INDC_French.pdf,2015-09-29 17:21:16,http://www4.unfccc.int/Submissions/INDC/Published%20Documents/Congo/1/INDC_Congo_RAPPORT.pdf,INDC_Congo_RAPPORT.pdf
COK,Cook Islands,INDC,English,COK_Cook-Islands_INDC_English.pdf,2015-11-20 08:47:36,http://www4.unfccc.int/Submissions/INDC/Published%20Documents/Cook%20Islands/1/Cook%20Islands%20INDCsFINAL7Nov.pdf,Cook Islands INDCsFINAL7Nov.pdf
CRI,Costa Rica,INDC,Spanish,CRI_Costa-Rica_INDC_Spanish.pdf,2015-09-30 12:43:06,http://www4.unfccc.int/Submissions/INDC/Published%20Documents/Costa%20Rica/1/INDC%20Costa%20Rica%20Version%202%200%20final%20ES.pdf,INDC Costa Rica Version 2 0 final ES.pdf
CRI,Costa Rica,INDC,English,CRI_Costa-Rica_INDC_English.pdf,2015-09-30 12:43:06,http://www4.unfccc.int/Submissions/INDC/Published%20Documents/Costa%20Rica/1/INDC%20Costa%20Rica%20Version%202%200%20final%20ENG.pdf,INDC Costa Rica Version 2 0 final ENG.pdf
CUB,Cuba,INDC,Spanish,CUB_Cuba_INDC_Spanish.pdf,2015-11-23 12:49:13,http://www4.unfccc.int/Submissions/INDC/Published%20Documents/Cuba/1/Republic%20of%20Cuba-INDCs-Nov2015.pdf,Republic of Cuba-INDCs-Nov2015.pdf
CIV,Côte d'Ivoire,INDC,French,CIV_Cote-d-Ivoire_INDC_French.pdf,2015-09-30 11:27:04,http://www4.unfccc.int/Submissions/INDC/Published%20Documents/C%C3%B4te%20d%27Ivoire/1/Document_INDC_CI_22092015.pdf,Document_INDC_CI_22092015.pdf
PRK,Democratic People's Republic of Korea,INDC,English,PRK_Democratic-People-s-Republic-of-Korea_INDC_English.pdf,2016-10-07 14:32:14,http://www4.unfccc.int/Submissions/INDC/Published%20Documents/Democratic%20People%27s%20Republic%20of%20Korea/1/DPRK-INDC%20by%202030.pdf,DPRK-INDC by 2030.pdf
COD,Democratic Republic of the Congo,INDC,French,COD_Democratic-Republic-of-the-Congo_INDC_French.pdf,2015-08-18 10:53:20,http://www4.unfccc.int/Submissions/INDC/Published%20Documents/Democratic%20Republic%20of%20the%20Congo/1/CPDN%20-%20R%C3%A9p%20D%C3%A9m%20du%20Congo.pdf,CPDN - Rép Dém du Congo.pdf
DJI,Djibouti,INDC,English,DJI_Djibouti_INDC_English.pdf,2015-10-28 11:09:58,http://www4.unfccc.int/Submissions/INDC/Published%20Documents/Djibouti/1/INDC-Djibouti_ENG.pdf,INDC-Djibouti_ENG.pdf
DJI,Djibouti,INDC,French,DJI_Djibouti_INDC_French.pdf,2015-10-28 11:09:58,http://www4.unfccc.int/Submissions/INDC/Published%20Documents/Djibouti/1/CPDN%20Djibouti_9%20-%20CPDN%20-%20Format%20pour%20soumission%20CCNUCC.pdf,CPDN Djibouti_9 - CPDN - Format pour soumission CCNUCC.pdf
DMA,Dominica,INDC,English,DMA_Dominica_INDC_English.pdf,2015-09-29 20:31:33,http://www4.unfccc.int/Submissions/INDC/Published%20Documents/Dominica/1/Commonwealth%20of%20Dominica-%20Intended%20Nationally%20Determined%20Contributions%20%28INDC%29.pdf,Commonwealth of Dominica- Intended Nationally Determined Contributions (INDC).pdf
DOM,Dominican Republic,INDC,Spanish,DOM_Dominican-Republic_INDC_Spanish.pdf,2015-08-18 16:11:13,http://www4.unfccc.int/Submissions/INDC/Published%20Documents/Dominican%20Republic/1/INDC-RD%20Agosto%202015%20%28espa%C3%B1ol%29.pdf,INDC-RD Agosto 2015 (español).pdf
DOM,Dominican Republic,Translation,English,DOM_Dominican-Republic_INDC_Translation_English.pdf,2015-08-18 16:11:13,http://www4.unfccc.int/Submissions/INDC/Published%20Documents/Dominican%20Republic/1/INDC-DR%20August%202015%20%28unofficial%20translation%29.pdf,INDC-DR August 2015 (unofficial translation).pdf
ECU,Ecuador,INDC,Spanish,ECU_Ecuador_INDC_Spanish.pdf,2015-10-13 09:04:15,http://www4.unfccc.int/Submissions/INDC/Published%20Documents/Ecuador/1/Ecuador%20INDC%2001-10-2015.pdf,Ecuador INDC 01-10-2015.pdf
ECU,Ecuador,Translation,English,ECU_Ecuador_INDC_Translation_English.pdf,2015-10-13 09:04:15,http://www4.unfccc.int/Submissions/INDC/Published%20Documents/Ecuador/1/Ecuador%20INDC%2001-10-2015%20-%20english%20unofficial%20translation.pdf,Ecuador INDC 01-10-2015 - english unofficial translation.pdf
EGY,Egypt,INDC,English,EGY_Egypt_INDC_English.pdf,2015-11-16 14:54:21,http://www4.unfccc.int/Submissions/INDC/Published%20Documents/Egypt/1/Egyptian%20INDC.pdf,Egyptian INDC.pdf
SLV,El Salvador,INDC,Spanish,SLV_El-Salvador_INDC_Spanish.pdf,2015-11-17 08:37:16,http://www4.unfccc.int/Submissions/INDC/Published%20Documents/El%20Salvador/1/EL%20SALVADOR-INTENDED%20NATIONALLY%20DETERMINED%20CONTRIBUTION.pdf,EL SALVADOR-INTENDED NATIONALLY DETERMINED CONTRIBUTION.pdf
GNQ,Equatorial Guinea,INDC,Spanish,GNQ_Equatorial-Guinea_INDC_Spanish.pdf,2015-09-21 12:58:15,http://www4.unfccc.int/Submissions/INDC/Published%20Documents/Equatorial%20Guinea/1/Rep%C3%BAblica%20de%20Guinea%20Ecuatorial_INDC.doc,República de Guinea Ecuatorial_INDC.doc
ERI,Eritrea,INDC,English,ERI_Eritrea_INDC_English.pdf,2015-09-24 14:12:38,http://www4.unfccc.int/Submissions/INDC/Published%20Documents/Eritrea/1/ERITREA%27S%20INDC%20REPORT%20SEP2015.pdf,ERITREA'S INDC REPORT SEP2015.pdf
ETH,Ethiopia Federal Democratic Republic of Ethiopia,INDC,English,ETH_Ethiopia-Federal-Democratic-Republic-of-Ethiopia_INDC_English.pdf,2015-06-10 14:17:39,http://www4.unfccc.int/Submissions/INDC/Published%20Documents/Ethiopia/1/INDC-Ethiopia-100615.pdf,INDC-Ethiopia-100615.pdf
EUU,European Union,INDC,English,EUU_European-Union_INDC_English.pdf,2015-03-06 16:18:10,http://www4.unfccc.int/Submissions/INDC/Published%20Documents/Latvia/1/LV-03-06-EU%20INDC.pdf,LV-03-06-EU INDC.pdf
FJI,Fiji,INDC,English,FJI_Fiji_INDC_English.pdf,2015-11-05 08:24:25,http://www4.unfccc.int/Submissions/INDC/Published%20Documents/Fiji/1/FIJI_iNDC_Final_051115.pdf,FIJI_iNDC_Final_051115.pdf
GAB,Gabon,INDC,French,GAB_Gabon_INDC_French.pdf,2015-04-01 13:03:59,http://www4.unfccc.int/Submissions/INDC/Published%20Documents/Gabon/1/20150331%20INDC%20Gabon.pdf,20150331 INDC Gabon.pdf
GMB,Gambia,INDC,English,GMB_Gambia_INDC_English.pdf,2015-09-30 15:33:51,http://www4.unfccc.int/Submissions/INDC/Published%20Documents/Gambia/1/The%20INDC%20OF%20THE%20GAMBIA.pdf,The INDC OF THE GAMBIA.pdf
GEO,Georgia,INDC,English,GEO_Georgia_INDC_English.pdf,2015-09-25 15:37:33,http://www4.unfccc.int/Submissions/INDC/Published%20Documents/Georgia/1/INDC_of_Georgia.pdf,INDC_of_Georgia.pdf
GHA,Ghana,INDC,English,GHA_Ghana_INDC_English.pdf,2015-09-23 21:05:00,http://www4.unfccc.int/Submissions/INDC/Published%20Documents/Ghana/1/GH_INDC_2392015.pdf,GH_INDC_2392015.pdf
GRD,Grenada,INDC,English,GRD_Grenada_INDC_English.pdf,2015-09-30 11:28:19,http://www4.unfccc.int/Submissions/INDC/Published%20Documents/Grenada/1/Grenada%20INDC.pdf,Grenada INDC.pdf
GTM,Guatemala,INDC,Spanish,GTM_Guatemala_INDC_Spanish.pdf,2015-09-30 05:46:18,http://www4.unfccc.int/Submissions/INDC/Published%20Documents/Guatemala/1/Gobierno%20de%20Guatemala%20INDC-UNFCCC%20Sept%202015.pdf,Gobierno de Guatemala INDC-UNFCCC Sept 2015.pdf
GIN,Guinea,INDC,French,GIN_Guinea_INDC_French.pdf,2015-10-20 08:34:14,http://www4.unfccc.int/Submissions/INDC/Published%20Documents/Guinea/1/15%2009%2029%20INDC_Guinee_version%20finale%20CCNUCCSK.docx,15 09 29 INDC_Guinee_version finale CCNUCCSK.docx
GIN,Guinea,Translation,English,GIN_Guinea_INDC_Translation_English.pdf,2015-10-20 08:34:14,http://www4.unfccc.int/Submissions/INDC/Published%20Documents/Guinea/1/INDC_Guinea_english_version%20UNFCCC_20151016170448_232956.docx,INDC_Guinea_english_version UNFCCC_20151016170448_232956.docx
GNB,Guinea Bissau,INDC,English,GNB_Guinea-Bissau_INDC_English.pdf,2015-09-30 11:27:13,http://www4.unfccc.int/Submissions/INDC/Published%20Documents/Guinea%20Bissau/1/GUINEA-BISSAU_INDC_Version%20to%20the%20UNFCCC%20%28eng%29.pdf,GUINEA-BISSAU_INDC_Version to the UNFCCC (eng).pdf
GUY,Guyana,INDC,English,GUY_Guyana_INDC_English.pdf,2015-11-23 08:55:01,http://www4.unfccc.int/Submissions/INDC/Published%20Documents/Guyana/1/Guyana%27s%20revised%20iNDC%20-%20Final.pdf,Guyana's revised iNDC - Final.pdf
HTI,Haiti,INDC,French,HTI_Haiti_INDC_French.pdf,2015-09-30 06:03:42,http://www4.unfccc.int/Submissions/INDC/Published%20Documents/Haiti/1/CPDN_Republique%20d%27Haiti.pdf,CPDN_Republique d'Haiti.pdf
HND,Honduras,INDC,Spanish,HND_Honduras_INDC_Spanish.pdf,2015-10-01 13:42:34,http://www4.unfccc.int/Submissions/INDC/Published%20Documents/Honduras/1/Honduras%20INDC_esp.pdf,Honduras INDC_esp.pdf
ISL,Iceland,INDC,English,ISL_Iceland_INDC_English.pdf,2015-06-30 15:04:56,http://www4.unfccc.int/Submissions/INDC/Published%20Documents/Iceland/1/INDC-ICELAND.pdf,INDC-ICELAND.pdf
IND,India,INDC,English,IND_India_INDC_English.pdf,2015-10-01 20:44:36,http://www4.unfccc.int/Submissions/INDC/Published%20Documents/India/1/INDIA%20INDC%20TO%20UNFCCC.pdf,INDIA INDC TO UNFCCC.pdf
IDN,Indonesia,INDC,English,IDN_Indonesia_INDC_English.pdf,2015-09-24 11:34:09,http://www4.unfccc.int/Submissions/INDC/Published%20Documents/Indonesia/1/INDC_REPUBLIC%20OF%20INDONESIA.pdf,INDC_REPUBLIC OF INDONESIA.pdf
IRN,Iran,INDC,English,IRN_Iran_INDC_English.pdf,2015-11-21 07:19:42,http://www4.unfccc.int/Submissions/INDC/Published%20Documents/Iran/1/INDC%20Iran%20Final%20Text.pdf,INDC Iran Final Text.pdf
IRQ,Iraq,INDC,Arabic,IRQ_Iraq_INDC_Arabic.pdf,2015-11-12 09:18:03,http://www4.unfccc.int/Submissions/INDC/Published%20Documents/Iraq/1/INDC-Iraq.pdf,INDC-Iraq.pdf
ISR,Israel,INDC,English,ISR_Israel_INDC_English.pdf,2015-09-30 05:44:50,http://www4.unfccc.int/Submissions/INDC/Published%20Documents/Israel/1/Israel%20INDC.pdf,Israel INDC.pdf
JAM,Jamaica,INDC,English,JAM_Jamaica_INDC_English.pdf,2015-11-27 13:05:56,http://www4.unfccc.int/Submissions/INDC/Published%20Documents/Jamaica/1/Jamaica%27s%20INDC_2015-11-25.pdf,Jamaica's INDC_2015-11-25.pdf
JPN,Japan,INDC,English,JPN_Japan_INDC_English.pdf,2015-07-17 23:22:45,http://www4.unfccc.int/Submissions/INDC/Published%20Documents/Japan/1/20150717_Japan%27s%20INDC.pdf,20150717_Japan's INDC.pdf
JOR,Jordan,INDC,English,JOR_Jordan_INDC_English.pdf,2015-09-30 11:29:11,http://www4.unfccc.int/Submissions/INDC/Published%20Documents/Jordan/1/Jordan%20INDCs%20Final.pdf,Jordan INDCs Final.pdf
KAZ,Kazakhstan,INDC,English,KAZ_Kazakhstan_INDC_English.pdf,2015-09-28 17:06:06,http://www4.unfccc.int/Submissions/INDC/Published%20Documents/Kazakhstan/1/INDC%20Kz_eng.pdf,INDC Kz_eng.pdf
KEN,Kenya,INDC,English,KEN_Kenya_INDC_English.pdf,2015-07-24 07:30:49,http://www4.unfccc.int/Submissions/INDC/Published%20Documents/Kenya/1/Kenya_INDC_20150723.pdf,Kenya_INDC_20150723.pdf
KIR,Kiribati,INDC,English,KIR_Kiribati_INDC_English.pdf,2015-09-26 06:58:11,http://www4.unfccc.int/Submissions/INDC/Published%20Documents/Kiribati/1/INDC_KIRIBATI.pdf,INDC_KIRIBATI.pdf
KWT,Kuwait,INDC,Arabic,KWT_Kuwait_INDC_Arabic.pdf,2015-11-25 08:52:36,http://www4.unfccc.int/Submissions/INDC/Published%20Documents/Kuwait/1/INDC_Kuwait_Nov2015.pdf,INDC_Kuwait_Nov2015.pdf
KWT,Kuwait,Translation,English,KWT_Kuwait_INDC_Translation_English.pdf,2015-11-25 08:52:36,http://www4.unfccc.int/Submissions/INDC/Published%20Documents/Kuwait/1/Kuwait_INDCs_English_Version.pdf,Kuwait_INDCs_English_Version.pdf
KGZ,Kyrgyzstan,Addendum,English,KGZ_Kyrgyzstan_INDC_Addendum_English.pdf,2015-09-29 14:19:12,http://www4.unfccc.int/Submissions/INDC/Published%20Documents/Kyrgyzstan/1/Verbal_note.pdf,Verbal_note.pdf
KGZ,Kyrgyzstan,INDC,English,KGZ_Kyrgyzstan_INDC_English.pdf,2015-09-29 14:19:12,http://www4.unfccc.int/Submissions/INDC/Published%20Documents/Kyrgyzstan/1/Kyrgyzstan%20INDC%20_ENG_%20final.pdf,Kyrgyzstan INDC _ENG_ final.pdf
KGZ,Kyrgyzstan,INDC,Russian,KGZ_Kyrgyzstan_INDC_Russian.pdf,2015-09-29 14:19:12,http://www4.unfccc.int/Submissions/INDC/Published%20Documents/Kyrgyzstan/1/Kyrgyzstan%20INDC_RUS_final.pdf,Kyrgyzstan INDC_RUS_final.pdf
LAO,Lao People's Democratic Republic,Addendum,English,LAO_Lao-People-s-Democratic-Republic_INDC_Addendum_English.pdf,2015-10-01 11:24:31,http://www4.unfccc.int/Submissions/INDC/Published%20Documents/Laos/1/Cover%20letter%20for%20submission%20of%20Lao%20PDR%20INDC.pdf,Cover letter for submission of Lao PDR INDC.pdf
LAO,Lao People's Democratic Republic,INDC,English,LAO_Lao-People-s-Democratic-Republic_INDC_English.pdf,2015-10-01 11:24:31,http://www4.unfccc.int/Submissions/INDC/Published%20Documents/Laos/1/Lao%20PDR%20INDC.pdf,Lao PDR INDC.pdf
LBN,Lebanon,INDC,English,LBN_Lebanon_INDC_English.pdf,2015-09-30 09:39:36,http://www4.unfccc.int/Submissions/INDC/Published%20Documents/Lebanon/1/Republic%20of%20Lebanon%20-%20INDC%20-%20September%202015.pdf,Republic of Lebanon - INDC - September 2015.pdf
LSO,Lesotho,INDC,English,LSO_Lesotho_INDC_English.pdf,2015-09-30 15:21:51,http://www4.unfccc.int/Submissions/INDC/Published%20Documents/Lesotho/1/Lesotho%27s%20INDC%20Report%20%20-%20September%202015.pdf,Lesotho's INDC Report - September 2015.pdf
LBR,Liberia,Addendum,English,LBR_Liberia_INDC_Addendum_English.pdf,2015-09-30 15:26:13,http://www4.unfccc.int/Submissions/INDC/Published%20Documents/Liberia/1/Liberia_INDC%20Submission.002.pdf,Liberia_INDC Submission.002.pdf
LBR,Liberia,INDC,English,LBR_Liberia_INDC_English.pdf,2015-09-30 15:26:13,http://www4.unfccc.int/Submissions/INDC/Published%20Documents/Liberia/1/INDC%20Final%20Submission%20Sept%2030%202015.002.pdf,INDC Final Submission Sept 30 2015.002.pdf
LIE,Liechtenstein,INDC,English,LIE_Liechtenstein_INDC_English.pdf,2015-04-23 10:11:36,http://www4.unfccc.int/Submissions/INDC/Published%20Documents/Liechtenstein/1/150422_INDC_FL.pdf,150422_INDC_FL.pdf
MDG,Madagascar,INDC,English,MDG_Madagascar_INDC_English.pdf,2015-09-24 10:48:12,http://www4.unfccc.int/Submissions/INDC/Published%20Documents/Madagascar/1/Madagascar%20INDC%20Eng.pdf,Madagascar INDC Eng.pdf
MDG,Madagascar,INDC,French,MDG_Madagascar_INDC_French.pdf,2015-09-24 10:48:12,http://www4.unfccc.int/Submissions/INDC/Published%20Documents/Madagascar/1/Madagascar%20INDC%281%29.pdf,Madagascar INDC(1).pdf
MWI,Malawi,INDC,English,MWI_Malawi_INDC_English.pdf,2015-10-08 13:59:55,http://www4.unfccc.int/Submissions/INDC/Published%20Documents/Malawi/1/MALAWI%20INDC%20SUBMITTED%20TO%20UNFCCC%20REV%20pdf.pdf,MALAWI INDC SUBMITTED TO UNFCCC REV pdf.pdf
MYS,Malaysia,INDC,English,MYS_Malaysia_INDC_English.pdf,2016-01-18 10:43:20,http://www4.unfccc.int/Submissions/INDC/Published%20Documents/Malaysia/1/INDC%20Malaysia%20Final%2027%20November%202015%20Revised%20Final%20UNFCCC.pdf,INDC Malaysia Final 27 November 2015 Revised Final UNFCCC.pdf
MDV,Maldives,INDC,English,MDV_Maldives_INDC_English.pdf,2015-09-28 15:42:58,http://www4.unfccc.int/Submissions/INDC/Published%20Documents/Maldives/1/Maldives%20INDC%20.pdf,Maldives INDC .pdf
MLI,Mali,INDC,French,MLI_Mali_INDC_French.pdf,2015-09-29 08:42:06,http://www4.unfccc.int/Submissions/INDC/Published%20Documents/Mali/1/CPDN_MALI_VFsegal.pdf,CPDN_MALI_VFsegal.pdf
MHL,Marshall Islands,INDC,English,MHL_Marshall-Islands_INDC_English.pdf,2015-07-21 08:13:20,http://www4.unfccc.int/Submissions/INDC/Published%20Documents/Marshall%20Islands/1/150721%20RMI%20INDC%20JULY%202015%20FINAL%20SUBMITTED.pdf,150721 RMI INDC JULY 2015 FINAL SUBMITTED.pdf
MRT,Mauritania,INDC,French,MRT_Mauritania_INDC_French.pdf,2015-09-30 11:27:27,http://www4.unfccc.int/Submissions/INDC/Published%20Documents/Mauritania/1/INDC%20MAURITANIA.pdf,INDC MAURITANIA.pdf
MUS,Mauritius,INDC,English,MUS_Mauritius_INDC_English.pdf,2015-09-28 11:31:37,http://www4.unfccc.int/Submissions/INDC/Published%20Documents/Mauritius/1/Final%20INDC%20for%20Mauritius%2028%20Sept%202015.pdf,Final INDC for Mauritius 28 Sept 2015.pdf
MEX,Mexico,INDC,English,MEX_Mexico_INDC_English.pdf,2015-03-30 20:46:22,http://www4.unfccc.int/Submissions/INDC/Published%20Documents/Mexico/1/MEXICO%20INDC%2003.30.2015.pdf,MEXICO INDC 03.30.2015.pdf
FSM,Micronesia,INDC,English,FSM_Micronesia_INDC_English.pdf,2015-11-24 08:28:09,http://www4.unfccc.int/Submissions/INDC/Published%20Documents/Micronesia/1/INDC%20Federated%20States%20of%20MICRONESIA.pdf,INDC Federated States of MICRONESIA.pdf
MCO,Monaco,INDC,French,MCO_Monaco_INDC_French.pdf,2015-08-04 09:42:46,http://www4.unfccc.int/Submissions/INDC/Published%20Documents/Monaco/1/Contribution%20nationale%20Monaco.pdf,Contribution nationale Monaco.pdf
MCO,Monaco,INDC,English,MCO_Monaco_INDC_English.pdf,2015-08-04 09:42:46,http://www4.unfccc.int/Submissions/INDC/Published%20Documents/Monaco/1/Monaco_INDC.pdf,Monaco_INDC.pdf
MNG,Mongolia,INDC,English,MNG_Mongolia_INDC_English.pdf,2015-09-24 12:06:59,http://www4.unfccc.int/Submissions/INDC/Published%20Documents/Mongolia/1/150924_INDCs%20of%20Mongolia.pdf,150924_INDCs of Mongolia.pdf
MNE,Montenegro,INDC,English,MNE_Montenegro_INDC_English.pdf,2015-09-23 11:41:48,http://www4.unfccc.int/Submissions/INDC/Published%20Documents/Montenegro/1/INDCSubmission_%20Montenegro.docx,INDCSubmission_ Montenegro.docx
MAR,Morocco,INDC,English,MAR_Morocco_INDC_English.pdf,2015-06-05 19:41:45,http://www4.unfccc.int/Submissions/INDC/Published%20Documents/Morocco/1/Morocco%20INDC%20submitted%20to%20UNFCCC%20-%205%20june%202015.pdf,Morocco INDC submitted to UNFCCC - 5 june 2015.pdf
MAR,Morocco,INDC,French,MAR_Morocco_INDC_French.pdf,2015-06-05 19:41:45,http://www4.unfccc.int/Submissions/INDC/Published%20Documents/Morocco/1/Maroc%20CPDN%20soumise%20a%CC%80%20la%20CCNUCC%20-%205%20juin%202015.pdf,Maroc CPDN soumise à la CCNUCC - 5 juin 2015.pdf
MOZ,Mozambique,INDC,English,MOZ_Mozambique_INDC_English.pdf,2015-10-01 21:14:20,http://www4.unfccc.int/Submissions/INDC/Published%20Documents/Mozambique/1/MOZ_INDC_Final_Version.pdf,MOZ_INDC_Final_Version.pdf
MMR,Myanmar,INDC,English,MMR_Myanmar_INDC_English.pdf,2015-09-28 13:12:49,http://www4.unfccc.int/Submissions/INDC/Published%20Documents/Myanmar/1/Myanmar%27s%20INDC.pdf,Myanmar's INDC.pdf
NAM,Namibia,INDC,English,NAM_Namibia_INDC_English.pdf,2015-09-29 16:37:03,http://www4.unfccc.int/Submissions/INDC/Published%20Documents/Namibia/1/INDC%20of%20Namibia%20Final%20pdf.pdf,INDC of Namibia Final pdf.pdf
NRU,Nauru,INDC,English,NRU_Nauru_INDC_English.pdf,2015-11-17 08:38:10,http://www4.unfccc.int/Submissions/INDC/Published%20Documents/Nauru/1/Nauru%20INDC%20Submission_Final.pdf,Nauru INDC Submission_Final.pdf
NPL,Nepal Nepal,INDC,English,NPL_Nepal-Nepal_INDC_English.pdf,2016-02-11 13:21:18,http://www4.unfccc.int/Submissions/INDC/Published%20Documents/Nepal/1/Nepal_INDC_08Feb_2016.pdf,Nepal_INDC_08Feb_2016.pdf
NZL,New Zealand,Addendum,English,NZL_New-Zealand_INDC_Addendum_English.pdf,2015-11-25 09:07:43,http://www4.unfccc.int/Submissions/INDC/Published%20Documents/New%20Zealand/1/NZ%20INDC%20Addendum%2025%2011%202015.pdf,NZ INDC Addendum 25 11 2015.pdf
NZL,New Zealand,INDC,English,NZL_New-Zealand_INDC_English.pdf,2015-11-25 09:07:43,http://www4.unfccc.int/Submissions/INDC/Published%20Documents/New%20Zealand/1/New%20Zealand%20INDC%202015.pdf,New Zealand INDC 2015.pdf
NER,Niger,INDC,French,NER_Niger_INDC_French.pdf,2015-10-20 16:59:10,http://www4.unfccc.int/Submissions/INDC/Published%20Documents/Niger/1/Niger-INDC-versionfinale%20.pdf,Niger-INDC-versionfinale .pdf
NER,Niger,INDC,English,NER_Niger_INDC_English.pdf,2015-10-20 16:59:10,http://www4.unfccc.int/Submissions/INDC/Published%20Documents/Niger/1/Niger-INDC-final_Eng_20151020162516_65260.pdf,Niger-INDC-final_Eng_20151020162516_65260.pdf
NGA,Nigeria,Addendum,English,NGA_Nigeria_INDC_Addendum_English.pdf,2015-11-28 12:24:55,http://www4.unfccc.int/Submissions/INDC/Published%20Documents/Nigeria/1/Executive%20Summary_Nigerian%20INDC_271115.pdf,Executive Summary_Nigerian INDC_271115.pdf
NGA,Nigeria,INDC,English,NGA_Nigeria_INDC_English.pdf,2015-11-28 12:24:55,http://www4.unfccc.int/Submissions/INDC/Published%20Documents/Nigeria/1/Approved%20Nigeria%27s%20INDC_271115.pdf,Approved Nigeria's INDC_271115.pdf
NIU,Niue,INDC,English,NIU_Niue_INDC_English.pdf,2015-11-25 10:08:32,http://www4.unfccc.int/Submissions/INDC/Published%20Documents/Niue/1/Niue%20INDC%20Final.pdf,Niue INDC Final.pdf
NOR,Norway,INDC,English,NOR_Norway_INDC_English.pdf,2015-03-27 01:33:17,http://www4.unfccc.int/Submissions/INDC/Published%20Documents/Norway/1/Norway%20INDC%2026MAR2015.pdf,Norway INDC 26MAR2015.pdf
OMN,Oman,INDC,English,OMN_Oman_INDC_English.pdf,2015-10-19 13:53:44,http://www4.unfccc.int/Submissions/INDC/Published%20Documents/Oman/1/OMAN%20INDCs.pdf,OMAN INDCs.pdf
PAK,Pakistan,INDC,English,PAK_Pakistan_INDC_English.pdf,2016-11-06 15:38:06,http://www4.unfccc.int/Submissions/INDC/Published%20Documents/Pakistan/1/Pak-INDC.pdf,Pak-INDC.pdf
PLW,Palau,INDC,English,PLW_Palau_INDC_English.pdf,2015-11-28 14:29:28,http://www4.unfccc.int/Submissions/INDC/Published%20Documents/Palau/1/Palau_INDC.Final%20Copy.pdf,Palau_INDC.Final Copy.pdf
PAN,Panama,Addendum,Spanish,PAN_Panama_INDC_Addendum_Spanish.pdf,2016-04-19 08:29:05,http://www4.unfccc.int/Submissions/INDC/Published%20Documents/Panama/1/Panama_NDC%20letter.pdf,Panama_NDC letter.pdf
PAN,Panama,INDC,Spanish,PAN_Panama_INDC_Spanish.pdf,2016-04-19 08:29:05,http://www4.unfccc.int/Submissions/INDC/Published%20Documents/Panama/1/Panama_NDC.pdf,Panama_NDC.pdf
PNG,Papua New Guinea,INDC,English,PNG_Papua-New-Guinea_INDC_English.pdf,2015-09-30 16:31:44,http://www4.unfccc.int/Submissions/INDC/Published%20Documents/Papua%20New%20Guinea/1/PNG_INDC%20to%20the%20UNFCCC.pdf,PNG_INDC to the UNFCCC.pdf
PRY,Paraguay,INDC,Spanish,PRY_Paraguay_INDC_Spanish.pdf,2015-10-01 19:18:14,http://www4.unfccc.int/Submissions/INDC/Published%20Documents/Paraguay/1/Documento%20INDC%20Paraguay%2001-10-15.pdf,Documento INDC Paraguay 01-10-15.pdf
PER,Peru,INDC,Spanish,PER_Peru_INDC_Spanish.pdf,2015-09-28 20:22:46,http://www4.unfccc.int/Submissions/INDC/Published%20Documents/Peru/1/iNDC%20Per%C3%BA%20castellano.pdf,iNDC Perú castellano.pdf
PER,Peru,INDC,English,PER_Peru_INDC_English.pdf,2015-09-28 20:22:46,http://www4.unfccc.int/Submissions/INDC/Published%20Documents/Peru/1/iNDC%20Per%C3%BA%20english.pdf,iNDC Perú english.pdf
PHL,Philippines,Addendum,English,PHL_Philippines_INDC_Addendum_English.pdf,2015-10-01 11:01:32,http://www4.unfccc.int/Submissions/INDC/Published%20Documents/Philippines/1/Transmittal%20letter%20to%20UNFCCC_PHL%20INDC%20Submission.pdf,Transmittal letter to UNFCCC_PHL INDC Submission.pdf
PHL,Philippines,INDC,English,PHL_Philippines_INDC_English.pdf,2015-10-01 11:01:32,http://www4.unfccc.int/Submissions/INDC/Published%20Documents/Philippines/1/Philippines%20-%20Final%20INDC%20submission.pdf,Philippines - Final INDC submission.pdf
QAT,Qatar,INDC,English,QAT_Qatar_INDC_English.pdf,2015-11-20 11:19:23,http://www4.unfccc.int/Submissions/INDC/Published%20Documents/Qatar/1/Qatar%20INDCs%20Report%20-English.pdf,Qatar INDCs Report -English.pdf
QAT,Qatar,INDC,Arabic,QAT_Qatar_INDC_Arabic.pdf,2015-11-20 11:19:23,http://www4.unfccc.int/Submissions/INDC/Published%20Documents/Qatar/1/Qatar%20INDCs%20Report%20-%20Arabic.pdf,Qatar INDCs Report - Arabic.pdf
KOR,Republic of Korea,INDC,English,KOR_Republic-of-Korea_INDC_English.pdf,2015-06-30 17:01:39,http://www4.unfccc.int/Submissions/INDC/Published%20Documents/Republic%20of%20Korea/1/INDC%20Submission%20by%20the%20Republic%20of%20Korea%20on%20June%2030.pdf,INDC Submission by the Republic of Korea on June 30.pdf
MDA,Republic of Moldova,INDC,English,MDA_Republic-of-Moldova_INDC_English.pdf,2015-09-25 20:45:50,http://www4.unfccc.int/Submissions/INDC/Published%20Documents/Republic%20of%20Moldova/1/INDC_Republic_of_Moldova_25.09.2015.pdf,INDC_Republic_of_Moldova_25.09.2015.pdf
RUS,Russia,INDC,Russian,RUS_Russia_INDC_Russian.pdf,2015-04-01 16:47:07,http://www4.unfccc.int/Submissions/INDC/Published%20Documents/Russia/1/Russian%20Submission%20INDC_rus.doc,Russian Submission INDC_rus.doc
RUS,Russia,INDC,English,RUS_Russia_INDC_English.pdf,2015-04-01 16:47:07,http://www4.unfccc.int/Submissions/INDC/Published%20Documents/Russia/1/Russian%20Submission%20INDC_eng_rev1.doc,Russian Submission INDC_eng_rev1.doc
RWA,Rwanda,Addendum,English,RWA_Rwanda_INDC_Addendum_English.pdf,2015-12-02 18:38:58,http://www4.unfccc.int/Submissions/INDC/Published%20Documents/Rwanda/1/Rwanda%20INDC_UNFCCC%20letter_pdf.pdf,Rwanda INDC_UNFCCC letter_pdf.pdf
RWA,Rwanda,INDC,English,RWA_Rwanda_INDC_English.pdf,2015-12-02 18:38:58,http://www4.unfccc.int/Submissions/INDC/Published%20Documents/Rwanda/1/INDC_Rwanda_Nov.2015.pdf,INDC_Rwanda_Nov.2015.pdf
KNA,Saint Kitts and Nevis,INDC,English,KNA_Saint-Kitts-and-Nevis_INDC_English.pdf,2015-12-12 16:21:13,http://www4.unfccc.int/Submissions/INDC/Published%20Documents/Saint%20Kitts%20and%20Nevis/1/St.%20Kitts%20and%20Nevis%20INDC.pdf,St. Kitts and Nevis INDC.pdf
LCA,Saint Lucia,INDC,English,LCA_Saint-Lucia_INDC_English.pdf,2015-11-18 14:09:25,http://www4.unfccc.int/Submissions/INDC/Published%20Documents/Saint%20Lucia/1/Saint%20Lucia%27s%20INDC%2018th%20November%202015.pdf,Saint Lucia's INDC 18th November 2015.pdf
VCT,Saint Vincent and Grenadines,INDC,English,VCT_Saint-Vincent-and-Grenadines_INDC_English.pdf,2015-11-18 13:02:27,http://www4.unfccc.int/Submissions/INDC/Published%20Documents/Saint%20Vincent%20and%20Grenadines/1/SVG_INDC_Final.pdf,SVG_INDC_Final.pdf
WSM,Samoa,INDC,English,WSM_Samoa_INDC_English.pdf,2015-11-23 12:10:41,http://www4.unfccc.int/Submissions/INDC/Published%20Documents/Samoa/1/Samoa%20INDC_Submission%20to%20UNFCCC.pdf,Samoa INDC_Submission to UNFCCC.pdf
SMR,San Marino,INDC,English,SMR_San-Marino_INDC_English.pdf,2015-09-30 18:11:56,http://www4.unfccc.int/Submissions/INDC/Published%20Documents/San%20Marino/1/SAN%20MARINO%20INDC%20EN.pdf,SAN MARINO INDC EN.pdf
STP,Sao Tome and Principe,INDC,English,STP_Sao-Tome-and-Principe_INDC_English.pdf,2015-09-30 05:52:50,http://www4.unfccc.int/Submissions/INDC/Published%20Documents/Sao%20Tome%20and%20Principe/1/Short_STP_INDC%20_Ingles_30.09.pdf,Short_STP_INDC _Ingles_30.09.pdf
SAU,Saudi Arabia,INDC,English,SAU_Saudi-Arabia_INDC_English.pdf,2015-11-10 08:06:05,http://www4.unfccc.int/Submissions/INDC/Published%20Documents/Saudi%20Arabia/1/KSA-INDCs%20English.pdf,KSA-INDCs English.pdf
SAU,Saudi Arabia,INDC,Arabic,SAU_Saudi-Arabia_INDC_Arabic.pdf,2015-11-10 08:06:05,http://www4.unfccc.int/Submissions/INDC/Published%20Documents/Saudi%20Arabia/1/KSA-INDCs%20Arabic.pdf,KSA-INDCs Arabic.pdf
SEN,Senegal,INDC,French,SEN_Senegal_INDC_French.pdf,2015-09-26 15:22:49,http://www4.unfccc.int/Submissions/INDC/Published%20Documents/Senegal/1/CPDN%20-%20S%C3%A9n%C3%A9gal.pdf,CPDN - Sénégal.pdf
SRB,Serbia,Addendum,English,SRB_Serbia_INDC_Addendum_English.pdf,2015-06-30 09:12:31,http://www4.unfccc.int/Submissions/INDC/Published%20Documents/Serbia/1/Cover_letter_Serbia.docx,Cover_letter_Serbia.docx
SRB,Serbia,INDC,English,SRB_Serbia_INDC_English.pdf,2015-06-30 09:12:31,http://www4.unfccc.int/Submissions/INDC/Published%20Documents/Serbia/1/Republic_of_Serbia.pdf,Republic_of_Serbia.pdf
SYC,Seychelles,INDC,English,SYC_Seychelles_INDC_English.pdf,2015-09-25 09:32:04,http://www4.unfccc.int/Submissions/INDC/Published%20Documents/Seychelles/1/INDC%20of%20Seychelles.pdf,INDC of Seychelles.pdf
SLE,Sierra Leone,Addendum,English,SLE_Sierra-Leone_INDC_Addendum_English.pdf,2015-10-01 14:02:40,http://www4.unfccc.int/Submissions/INDC/Published%20Documents/Sierra%20Leone/1/Sierra%20Leone%20INDC%20Submission%20to%20UNFCCC%20Secretariat%20%2001102015.doc,Sierra Leone INDC Submission to UNFCCC Secretariat 01102015.doc
SLE,Sierra Leone,INDC,English,SLE_Sierra-Leone_INDC_English.pdf,2015-10-01 14:02:40,http://www4.unfccc.int/Submissions/INDC/Published%20Documents/Sierra%20Leone/1/-%20SIERRA%20LEONE%20INDC.docx,- SIERRA LEONE INDC.docx
SGP,Singapore,INDC,English,SGP_Singapore_INDC_English.pdf,2015-07-03 09:21:15,http://www4.unfccc.int/Submissions/INDC/Published%20Documents/Singapore/1/Singapore%20INDC.pdf,Singapore INDC.pdf
SLB,Solomon Islands,INDC,English,SLB_Solomon-Islands_INDC_English.pdf,2015-09-30 11:32:09,http://www4.unfccc.int/Submissions/INDC/Published%20Documents/Solomon%20Islands/1/SOLOMON%20ISLANDS%20INDC.pdf,SOLOMON ISLANDS INDC.pdf
SOM,Somalia,INDC,English,SOM_Somalia_INDC_English.pdf,2015-11-17 12:12:09,http://www4.unfccc.int/Submissions/INDC/Published%20Documents/Somalia/1/Somalia%27s%20INDCs.pdf,Somalia's INDCs.pdf
ZAF,South Africa,INDC,English,ZAF_South-Africa_INDC_English.pdf,2015-09-25 20:12:21,http://www4.unfccc.int/Submissions/INDC/Published%20Documents/South%20Africa/1/South%20Africa.pdf,South Africa.pdf
SSD,South Sudan,INDC,English,SSD_South-Sudan_INDC_English.pdf,2015-11-23 12:02:53,http://www4.unfccc.int/Submissions/INDC/Published%20Documents/South%20Sudan/1/South%20Sudan%20Intended%20Nationally%20Determined%20%20%20%20Contribution.pdf,South Sudan Intended Nationally Determined Contribution.pdf
LKA,Sri Lanka,INDC,English,LKA_Sri-Lanka_INDC_English.pdf,2016-04-25 08:32:50,http://www4.unfccc.int/Submissions/INDC/Published%20Documents/Sri%20Lanka/1/Resubmission%20of%20INDCs%20for%20Sri%20Lanka.xps,Resubmission of INDCs for Sri Lanka.xps
SDN,Sudan,INDC,English,SDN_Sudan_INDC_English.pdf,2015-11-10 10:08:15,http://www4.unfccc.int/Submissions/INDC/Published%20Documents/Sudan/1/28Oct15-Sudan%20INDC.pdf,28Oct15-Sudan INDC.pdf
SUR,Suriname,INDC,English,SUR_Suriname_INDC_English.pdf,2015-10-28 08:05:44,http://www4.unfccc.int/Submissions/INDC/Published%20Documents/Suriname/1/INDC-2-Suriname%20300915.pdf,INDC-2-Suriname 300915.pdf
SWZ,Swaziland,INDC,English,SWZ_Swaziland_INDC_English.pdf,2015-09-29 16:52:18,http://www4.unfccc.int/Submissions/INDC/Published%20Documents/Swaziland/1/Swaziland%27s%20INDC.pdf,Swaziland's INDC.pdf
CHE,Switzerland,INDC,English,CHE_Switzerland_INDC_English.pdf,2015-02-27 12:15:57,http://www4.unfccc.int/Submissions/INDC/Published%20Documents/Switzerland/1/15%2002%2027_INDC%20Contribution%20of%20Switzerland.pdf,15 02 27_INDC Contribution of Switzerland.pdf
TJK,Tajikistan,INDC,Russian,TJK_Tajikistan_INDC_Russian.pdf,2015-09-30 15:24:02,http://www4.unfccc.int/Submissions/INDC/Published%20Documents/Tajikistan/1/INDC-TJK%20final%20RUS%2021%20%D1%81%D0%B5%D0%BD%D1%82.pdf,INDC-TJK final RUS 21 сент.pdf
TJK,Tajikistan,INDC,English,TJK_Tajikistan_INDC_English.pdf,2015-09-30 15:24:02,http://www4.unfccc.int/Submissions/INDC/Published%20Documents/Tajikistan/1/INDC-TJK%20final%20ENG.pdf,INDC-TJK final ENG.pdf
THA,Thailand,INDC,English,THA_Thailand_INDC_English.pdf,2015-10-01 11:57:53,http://www4.unfccc.int/Submissions/INDC/Published%20Documents/Thailand/1/Thailand_INDC.pdf,Thailand_INDC.pdf
MKD,The former Yugoslav Republic of Macedonia,Addendum,English,MKD_The-former-Yugoslav-Republic-of-Macedonia_INDC_Addendum_English.pdf,2015-08-05 13:52:24,http://www4.unfccc.int/Submissions/INDC/Published%20Documents/The%20former%20Yugoslav%20Republic%20of%20Macedonia/Macedonia_Cover%20letter.pdf,Macedonia_Cover letter.pdf
MKD,The former Yugoslav Republic of Macedonia,INDC,English,MKD_The-former-Yugoslav-Republic-of-Macedonia_INDC_English.pdf,2015-08-05 13:52:24,http://www4.unfccc.int/Submissions/INDC/Published%20Documents/The%20former%20Yugoslav%20Republic%20of%20Macedonia/Submission_Republic_of_Macedonia_20150805144001_135181.pdf,Submission_Republic_of_Macedonia_20150805144001_135181.pdf
TLS,Timor-Leste,INDC,English,TLS_Timor-Leste_INDC_English.pdf,2017-03-01 10:22:05,http://www4.unfccc.int/Submissions/INDC/Published%20Documents/Timor-Leste%20%28East%20Timor%29/1/INDC%20%20TL_Final_Scanned_copy20Feb-2017.compressed.pdf,INDC TL_Final_Scanned_copy20Feb-2017.compressed.pdf
TGO,Togo,INDC,French,TGO_Togo_INDC_French.pdf,2015-10-21 09:49:32,http://www4.unfccc.int/Submissions/INDC/Published%20Documents/Togo/1/CPDN%20_TOGO.pdf,CPDN _TOGO.pdf
TGO,Togo,Translation,English,TGO_Togo_INDC_Translation_English.pdf,2015-10-21 09:49:32,http://www4.unfccc.int/Submissions/INDC/Published%20Documents/Togo/1/INDC%20Togo_english%20version.pdf,INDC Togo_english version.pdf
TON,Tonga,INDC,English,TON_Tonga_INDC_English.pdf,2015-12-04 18:56:29,http://www4.unfccc.int/Submissions/INDC/Published%20Documents/Tonga/1/Tonga%20INDC.pdf,Tonga INDC.pdf
TTO,Trinidad and Tobago,INDC,English,TTO_Trinidad-and-Tobago_INDC_English.pdf,2015-10-21 08:34:14,http://www4.unfccc.int/Submissions/INDC/Published%20Documents/Trinidad%20and%20Tobago/1/Trinidad%20and%20Tobago%20Final%20INDC.pdf,Trinidad and Tobago Final INDC.pdf
TUN,Tunisia,INDC,French,TUN_Tunisia_INDC_French.pdf,2015-09-16 16:05:46,http://www4.unfccc.int/Submissions/INDC/Published%20Documents/Tunisia/1/INDC%20Tunisie%20VF%205%20aout%20Valid.pdf,INDC Tunisie VF 5 aout Valid.pdf
TUN,Tunisia,Translation,English,TUN_Tunisia_INDC_Translation_English.pdf,2015-09-16 16:05:46,http://www4.unfccc.int/Submissions/INDC/Published%20Documents/Tunisia/1/INDC-Tunisia-English%20Version.pdf,INDC-Tunisia-English Version.pdf
TUR,Turkey,INDC,English,TUR_Turkey_INDC_English.pdf,2015-09-30 17:39:36,http://www4.unfccc.int/Submissions/INDC/Published%20Documents/Turkey/1/The_INDC_of_TURKEY_v.15.19.30.pdf,The_INDC_of_TURKEY_v.15.19.30.pdf
TKM,Turkmenistan,INDC,English,TKM_Turkmenistan_INDC_English.pdf,2015-09-30 11:54:20,http://www4.unfccc.int/Submissions/INDC/Published%20Documents/Turkmenistan/1/INDC_Turkmenistan.pdf,INDC_Turkmenistan.pdf
TUV,Tuvalu,INDC,English,TUV_Tuvalu_INDC_English.pdf,2015-11-27 17:56:52,http://www4.unfccc.int/Submissions/INDC/Published%20Documents/Tuvalu/1/TUVALU%20INDC.pdf,TUVALU INDC.pdf
UGA,Uganda,INDC,English,UGA_Uganda_INDC_English.pdf,2015-10-28 14:27:52,http://www4.unfccc.int/Submissions/INDC/Published%20Documents/Uganda/1/INDC%20Uganda%20final%20%2014%20October%20%202015%2C%20minor%20correction%2C28.10.15.pdf,"INDC Uganda final 14 October 2015, minor correction,28.10.15.pdf"
UKR,Ukraine,INDC,English,UKR_Ukraine_INDC_English.pdf,2015-09-30 09:27:49,http://www4.unfccc.int/Submissions/INDC/Published%20Documents/Ukraine/1/150930_Ukraine_INDC.pdf,150930_Ukraine_INDC.pdf
ARE,United Arab Emirates,INDC,English,ARE_United-Arab-Emirates_INDC_English.pdf,2015-10-22 16:25:34,http://www4.unfccc.int/Submissions/INDC/Published%20Documents/United%20Arab%20Emirates/1/UAE%20INDC%20-%2022%20October.pdf,UAE INDC - 22 October.pdf
TZA,United Republic of Tanzania,INDC,English,TZA_United-Republic-of-Tanzania_INDC_English.pdf,2015-09-29 17:02:33,http://www4.unfccc.int/Submissions/INDC/Published%20Documents/United%20Republic%20of%20Tanzania%E2%80%8B/1/INDCs_The%20United%20Republic%20of%20Tanzania.pdf,INDCs_The United Republic of Tanzania.pdf
USA,United States of America,INDC,English,USA_United-States-of-America_INDC_English.pdf,2015-03-31 16:03:15,http://www4.unfccc.int/Submissions/INDC/Published%20Documents/United%20States%20of%20America/1/U.S.%20Cover%20Note%20INDC%20and%20Accompanying%20Information.pdf,U.S. Cover Note INDC and Accompanying Information.pdf
URY,Uruguay,INDC,Spanish,URY_Uruguay_INDC_Spanish.pdf,2015-09-29 15:59:20,http://www4.unfccc.int/Submissions/INDC/Published%20Documents/Uruguay/1/INDC%20Uruguay%20espa%C3%B1ol.pdf,INDC Uruguay español.pdf
URY,Uruguay,Translation,English,URY_Uruguay_INDC_Translation_English.pdf,2015-09-29 15:59:20,http://www4.unfccc.int/Submissions/INDC/Published%20Documents/Uruguay/1/INDC%20Uruguay%20%28English-unofficial%20translation%29.pdf,INDC Uruguay (English-unofficial translation).pdf
UZB,Uzbekistan,INDC,English,UZB_Uzbekistan_INDC_English.pdf,2017-04-19 15:44:32,http://www4.unfccc.int/Submissions/INDC/Published%20Documents/Uzbekistan/1/INDC%20Uzbekistan%2018-04-2017_Eng_20170419093154_171926.pdf,INDC Uzbekistan 18-04-2017_Eng_20170419093154_171926.pdf
VUT,Vanuatu,INDC,English,VUT_Vanuatu_INDC_English.pdf,2015-09-29 04:49:44,http://www4.unfccc.int/Submissions/INDC/Published%20Documents/Vanuatu/1/VANUATU%20%20INDC%20UNFCCC%20Submission.pdf,VANUATU INDC UNFCCC Submission.pdf
VEN,Venezuela,INDC,Spanish,VEN_Venezuela_INDC_Spanish.pdf,2015-12-15 09:33:26,http://www4.unfccc.int/Submissions/INDC/Published%20Documents/Venezuela/1/Venezuela%20Diciembre%202015%20%28final%29.pdf,Venezuela Diciembre 2015 (final).pdf
VNM,Viet Nam,INDC,English,VNM_Viet-Nam_INDC_English.pdf,2015-09-30 11:27:44,http://www4.unfccc.int/Submissions/INDC/Published%20Documents/Viet%20Nam/1/VIETNAM%27S%20INDC.pdf,VIETNAM'S INDC.pdf
YEM,Yemen,INDC,English,YEM_Yemen_INDC_English.pdf,2015-11-23 15:08:52,http://www4.unfccc.int/Submissions/INDC/Published%20Documents/Yemen/1/Yemen%20INDC%2021%20Nov.%202015.pdf,Yemen INDC 21 Nov. 2015.pdf
ZMB,Zambia,INDC,English,ZMB_Zambia_INDC_English.pdf,2015-09-29 16:41:09,http://www4.unfccc.int/Submissions/INDC/Published%20Documents/Zambia/1/FINAL%2BZAMBIA%27S%2BINDC_1.pdf,FINAL+ZAMBIA'S+INDC_1.pdf
ZWE,Zimbabwe,INDC,English,ZWE_Zimbabwe_INDC_English.pdf,2015-09-30 12:16:10,http://www4.unfccc.int/Submissions/INDC/Published%20Documents/Zimbabwe/1/Zimbabwe%20Intended%20Nationally%20Determined%20Contribution%202015.pdf,Zimbabwe Intended Nationally Determined Contribution 2015.pdf
